Country Name,Country Code,Indicator Name,Indicator Code,2020,2021,2022,2023
Aruba,ABW,GDP (current US$),NY.GDP.MKTP.CD,2558906303.88098,3103184101.51354,3544707788.05664,
Africa Eastern and Southern,AFE,GDP (current US$),NY.GDP.MKTP.CD,928880235176.594,1086530704900.5,1185137703650.99,
Afghanistan,AFG,GDP (current US$),NY.GDP.MKTP.CD,19955929060.841,14266499429.8746,3478231165177.1567,
Africa Western and Central,AFW,GDP (current US$),NY.GDP.MKTP.CD,786962436538.391,844927536437.833,875393693658.084,
Angola,AGO,GDP (current US$),NY.GDP.MKTP.CD,48501561230.001,66505129989.243,106782770714.619,
Albania,ALB,GDP (current US$),NY.GDP.MKTP.CD,15162734205.2462,17930565118.8176,18916378860.5488,
Andorra,AND,GDP (current US$),NY.GDP.MKTP.CD,2891002460.29153,3325143693.28714,3352031094.22914,
Arab World,ARB,GDP (current US$),NY.GDP.MKTP.CD,2535508549316.27,2930480380710.72,3543339785308.86,
United Arab Emirates,ARE,GDP (current US$),NY.GDP.MKTP.CD,349473015336.939,415178792769.884,507063968273.313,
Argentina,ARG,GDP (current US$),NY.GDP.MKTP.CD,385740508436.965,487902572164.348,631133384439.944,
Armenia,ARM,GDP (current US$),NY.GDP.MKTP.CD,12641698583.2152,13878908628.9378,19513474648.2429,
American Samoa,ASM,GDP (current US$),NY.GDP.MKTP.CD,721000000.0,750000000.0,871000000.0,
Antigua and Barbuda,ATG,GDP (current US$),NY.GDP.MKTP.CD,1410796296.2963,1601366666.66667,1867733333.33333,
Australia,AUS,GDP (current US$),NY.GDP.MKTP.CD,1330381544909.3,1559033756285.13,1692956646855.7,
Austria,AUT,GDP (current US$),NY.GDP.MKTP.CD,435049316955.737,479295362747.047,470941926750.741,
Azerbaijan,AZE,GDP (current US$),NY.GDP.MKTP.CD,42693000000.0,54825411764.7059,78721058823.5294,
Burundi,BDI,GDP (current US$),NY.GDP.MKTP.CD,2649680261.43998,2775798697.47186,3338722827.66241,
Belgium,BEL,GDP (current US$),NY.GDP.MKTP.CD,526264230147.394,600748812601.541,583435595579.963,
Benin,BEN,GDP (current US$),NY.GDP.MKTP.CD,15686741893.5187,17687623534.6665,17396792699.5489,
Burkina Faso,BFA,GDP (current US$),NY.GDP.MKTP.CD,17725010530.7894,19642668879.7694,18820064797.8379,
Bangladesh,BGD,GDP (current US$),NY.GDP.MKTP.CD,373902197869.16,416264800549.026,460201265527.977,
Bulgaria,BGR,GDP (current US$),NY.GDP.MKTP.CD,70368758395.141,84041493015.6618,90346169914.9349,
Bahrain,BHR,GDP (current US$),NY.GDP.MKTP.CD,34621807712.766,39288670212.766,44383297872.3404,
"Bahamas, The",BHS,GDP (current US$),NY.GDP.MKTP.CD,9754600000.0,11527600000.0,12897400000.0,
Bosnia and Herzegovina,BIH,GDP (current US$),NY.GDP.MKTP.CD,20226036564.4129,23649568276.8447,24473906673.7086,
Belarus,BLR,GDP (current US$),NY.GDP.MKTP.CD,61371755326.2351,69673747131.87,72793457588.4367,
Belize,BLZ,GDP (current US$),NY.GDP.MKTP.CD,2047727810.06777,2424575179.3783,2830507575.6841,
Bermuda,BMU,GDP (current US$),NY.GDP.MKTP.CD,6887147000.0,7127200000.0,7546000000.0,
Bolivia,BOL,GDP (current US$),NY.GDP.MKTP.CD,36629843806.0781,40406111695.179,44008282877.9606,
Brazil,BRA,GDP (current US$),NY.GDP.MKTP.CD,1476107231194.11,1649622821885.14,1920095779022.73,
Barbados,BRB,GDP (current US$),NY.GDP.MKTP.CD,4738800000.0,4923100000.0,5699950000.0,
Brunei Darussalam,BRN,GDP (current US$),NY.GDP.MKTP.CD,12005799653.9835,14006496617.4458,16681536466.7183,
Bhutan,BTN,GDP (current US$),NY.GDP.MKTP.CD,2457604042.76364,2768003872.54065,3478231165177.1567,
Botswana,BWA,GDP (current US$),NY.GDP.MKTP.CD,14960291541.176,18737066311.1597,20355541962.8512,
Central African Republic,CAF,GDP (current US$),NY.GDP.MKTP.CD,2326720900.38047,2516498412.46384,2382618615.01694,
Canada,CAN,GDP (current US$),NY.GDP.MKTP.CD,1655684730000.19,2007472181464.15,2161483369422.01,
Central Europe and the Baltics,CEB,GDP (current US$),NY.GDP.MKTP.CD,1665327992740.77,1908002281033.51,1944198197077.57,
Switzerland,CHE,GDP (current US$),NY.GDP.MKTP.CD,741999406005.627,813408787222.499,818426550206.45,
Channel Islands,CHI,GDP (current US$),NY.GDP.MKTP.CD,9811538461.53846,11735662219.7772,3478231165177.1567,
Chile,CHL,GDP (current US$),NY.GDP.MKTP.CD,254258196269.735,316581155648.871,301024724911.923,
China,CHN,GDP (current US$),NY.GDP.MKTP.CD,14687744162801.0,17820459508852.2,17963171479205.3,
Cote d'Ivoire,CIV,GDP (current US$),NY.GDP.MKTP.CD,62982768371.6208,71811075955.078,70018715016.8293,
Cameroon,CMR,GDP (current US$),NY.GDP.MKTP.CD,40773241177.0505,44993521774.066,43644068310.851,
"Congo, Dem. Rep.",COD,GDP (current US$),NY.GDP.MKTP.CD,48716961860.1325,55328482783.5393,64718641221.216,
"Congo, Rep.",COG,GDP (current US$),NY.GDP.MKTP.CD,11468608530.2038,14825708810.7046,15816996654.5788,
Colombia,COL,GDP (current US$),NY.GDP.MKTP.CD,270150956772.57,318511813576.97,343622114560.409,
Comoros,COM,GDP (current US$),NY.GDP.MKTP.CD,1225039195.93742,1296089479.45831,1242519407.27815,
Cabo Verde,CPV,GDP (current US$),NY.GDP.MKTP.CD,1821565613.68613,1997866378.77119,2226862134.08787,
Costa Rica,CRI,GDP (current US$),NY.GDP.MKTP.CD,62395610760.3912,64960725734.2362,69243626028.6696,
Caribbean small states,CSS,GDP (current US$),NY.GDP.MKTP.CD,65860096129.8181,76123490342.5381,94867024971.9129,
Cuba,CUB,GDP (current US$),NY.GDP.MKTP.CD,107351800000.0,3169870939951.8335,3478231165177.1567,
Curacao,CUW,GDP (current US$),NY.GDP.MKTP.CD,2534327592.49914,2739594359.5908,3075180834.72417,
Cayman Islands,CYM,GDP (current US$),NY.GDP.MKTP.CD,5647224988.89996,6028373513.49405,6844827379.30952,
Cyprus,CYP,GDP (current US$),NY.GDP.MKTP.CD,25227201184.2295,29482917678.8954,29250524418.0855,
Czechia,CZE,GDP (current US$),NY.GDP.MKTP.CD,245974558654.043,281791218507.1,290565654835.809,
Germany,DEU,GDP (current US$),NY.GDP.MKTP.CD,3887727161914.41,4278503934689.85,4082469490797.68,
Djibouti,DJI,GDP (current US$),NY.GDP.MKTP.CD,3185150981.03207,3385825228.86997,3515108859.95465,
Dominica,DMA,GDP (current US$),NY.GDP.MKTP.CD,504214814.814815,555266666.666667,607440740.740741,
Denmark,DNK,GDP (current US$),NY.GDP.MKTP.CD,354762748338.661,405687998852.691,400167196948.707,
Dominican Republic,DOM,GDP (current US$),NY.GDP.MKTP.CD,78844656298.1776,94243425938.3647,113537368176.13,
Algeria,DZA,GDP (current US$),NY.GDP.MKTP.CD,145743542982.628,163472387986.768,194998449769.085,
East Asia & Pacific (excluding high income),EAP,GDP (current US$),NY.GDP.MKTP.CD,17487617929386.2,20839170495754.4,21193771562304.2,
Early-demographic dividend,EAR,GDP (current US$),NY.GDP.MKTP.CD,10941489484842.7,12716982787439.0,14148420366435.9,
East Asia & Pacific,EAS,GDP (current US$),NY.GDP.MKTP.CD,27155249687649.4,31141271720840.7,30712490177155.8,
Europe & Central Asia (excluding high income),ECA,GDP (current US$),NY.GDP.MKTP.CD,2991607694833.72,3580124604033.79,4129330109662.66,
Europe & Central Asia,ECS,GDP (current US$),NY.GDP.MKTP.CD,22156584402676.9,25324876871395.7,25344209837077.1,
Ecuador,ECU,GDP (current US$),NY.GDP.MKTP.CD,99291124000.0,106165866000.0,115049476000.0,
"Egypt, Arab Rep.",EGY,GDP (current US$),NY.GDP.MKTP.CD,383817841547.099,424671765455.704,476747720364.742,
Euro area,EMU,GDP (current US$),NY.GDP.MKTP.CD,13154981793981.9,14754736438720.2,14207593902747.6,
Eritrea,ERI,GDP (current US$),NY.GDP.MKTP.CD,2742180484856.228,3169870939951.8335,3478231165177.1567,
Spain,ESP,GDP (current US$),NY.GDP.MKTP.CD,1278128867875.49,1445651653604.63,1417800466262.65,
Estonia,EST,GDP (current US$),NY.GDP.MKTP.CD,31370395572.7658,37191166151.98,38100812958.5196,
Ethiopia,ETH,GDP (current US$),NY.GDP.MKTP.CD,107657734392.446,111261882958.426,126783471597.671,
European Union,EUU,GDP (current US$),NY.GDP.MKTP.CD,15381174426002.4,17315218527836.1,16746544871112.0,
Fragile and conflict affected situations,FCS,GDP (current US$),NY.GDP.MKTP.CD,1666563897610.01,1782595197342.36,1906134056808.84,
Finland,FIN,GDP (current US$),NY.GDP.MKTP.CD,271886077382.102,296470417085.267,282649838009.729,
Fiji,FJI,GDP (current US$),NY.GDP.MKTP.CD,4432466237.09588,4305031630.81808,4979979546.0123,
France,FRA,GDP (current US$),NY.GDP.MKTP.CD,2647418691598.45,2959355819170.5,2779092236505.85,
Faroe Islands,FRO,GDP (current US$),NY.GDP.MKTP.CD,3262045883.37293,3655063937.93145,3555929833.05051,
"Micronesia, Fed. Sts.",FSM,GDP (current US$),NY.GDP.MKTP.CD,408000000.0,406000000.0,424000000.0,
Gabon,GAB,GDP (current US$),NY.GDP.MKTP.CD,15314577154.8076,20217946922.4528,21071739224.8918,
United Kingdom,GBR,GDP (current US$),NY.GDP.MKTP.CD,2697806592293.86,3141506156618.7,3089072722400.14,
Georgia,GEO,GDP (current US$),NY.GDP.MKTP.CD,15842922532.7202,18629365612.096,24780791063.7131,
Ghana,GHA,GDP (current US$),NY.GDP.MKTP.CD,70043095503.6675,79524421861.2743,73766052451.5256,
Gibraltar,GIB,GDP (current US$),NY.GDP.MKTP.CD,2742180484856.228,3169870939951.8335,3478231165177.1567,
Guinea,GIN,GDP (current US$),NY.GDP.MKTP.CD,14177835841.3923,16091817842.1318,20999229260.4955,
"Gambia, The",GMB,GDP (current US$),NY.GDP.MKTP.CD,1812170891.19069,2038414968.60683,2187194563.48605,
Guinea-Bissau,GNB,GDP (current US$),NY.GDP.MKTP.CD,1431758231.68522,1638517606.89496,1633559092.08861,
Equatorial Guinea,GNQ,GDP (current US$),NY.GDP.MKTP.CD,9893816016.147,12104994084.4108,12029633746.519,
Greece,GRC,GDP (current US$),NY.GDP.MKTP.CD,188480337285.605,214667807441.202,217581324512.059,
Grenada,GRD,GDP (current US$),NY.GDP.MKTP.CD,1043411111.11111,1122800000.0,1215379155.67282,
Greenland,GRL,GDP (current US$),NY.GDP.MKTP.CD,3082884653.2456,3235809504.29871,3478231165177.1567,
Guatemala,GTM,GDP (current US$),NY.GDP.MKTP.CD,77715183063.2054,86053083476.0294,95003330315.8754,
Guam,GUM,GDP (current US$),NY.GDP.MKTP.CD,5886000000.0,6123000000.0,3478231165177.1567,
Guyana,GUY,GDP (current US$),NY.GDP.MKTP.CD,5471256594.72422,8041362110.31175,14718388489.2086,
High income,HIC,GDP (current US$),NY.GDP.MKTP.CD,53962245346670.1,60245547578675.3,61729512123777.9,
"Hong Kong SAR, China",HKG,GDP (current US$),NY.GDP.MKTP.CD,344943149590.058,368911387845.418,359838583490.063,
Honduras,HND,GDP (current US$),NY.GDP.MKTP.CD,23827859226.8834,28488721680.8502,31717699764.3621,
Heavily indebted poor countries (HIPC),HPC,GDP (current US$),NY.GDP.MKTP.CD,811638956819.199,901695869344.623,980688371242.572,
Croatia,HRV,GDP (current US$),NY.GDP.MKTP.CD,57760024673.9359,69081236641.2469,71600049650.195,
Haiti,HTI,GDP (current US$),NY.GDP.MKTP.CD,14508222518.3018,20877414952.6375,20253551884.6055,
Hungary,HUN,GDP (current US$),NY.GDP.MKTP.CD,157227094449.074,182090041757.269,177337436677.365,
IBRD only,IBD,GDP (current US$),NY.GDP.MKTP.CD,30066587396556.6,35660094024046.0,37752366428370.0,
IDA & IBRD total,IBT,GDP (current US$),NY.GDP.MKTP.CD,32484256023838.5,38289419290322.9,40573962163610.3,
IDA total,IDA,GDP (current US$),NY.GDP.MKTP.CD,2416944259567.14,2630708113514.59,2822821779328.87,
IDA blend,IDB,GDP (current US$),NY.GDP.MKTP.CD,1003544540837.38,1097399972030.71,1175091814528.12,
Indonesia,IDN,GDP (current US$),NY.GDP.MKTP.CD,1059054842698.48,1186505455736.54,1319100220407.72,
IDA only,IDX,GDP (current US$),NY.GDP.MKTP.CD,1413399718729.76,1533308141483.89,1647744371553.08,
Isle of Man,IMN,GDP (current US$),NY.GDP.MKTP.CD,6684229268.50545,3169870939951.8335,3478231165177.1567,
India,IND,GDP (current US$),NY.GDP.MKTP.CD,2671595405986.86,3150306839142.13,3416645826052.87,
Not classified,INX,GDP (current US$),NY.GDP.MKTP.CD,2742180484856.228,3169870939951.8335,3478231165177.1567,
Ireland,IRL,GDP (current US$),NY.GDP.MKTP.CD,428608687830.239,513391778882.86,533140011838.276,
"Iran, Islamic Rep.",IRN,GDP (current US$),NY.GDP.MKTP.CD,239735486745.704,359096907772.985,413493207349.265,
Iraq,IRQ,GDP (current US$),NY.GDP.MKTP.CD,180924091442.953,207691599310.345,264182173793.103,
Iceland,ISL,GDP (current US$),NY.GDP.MKTP.CD,21565767851.144,25595940169.5879,28064529851.3098,
Israel,ISR,GDP (current US$),NY.GDP.MKTP.CD,413267669231.522,488526545878.891,525002447652.773,
Italy,ITA,GDP (current US$),NY.GDP.MKTP.CD,1897461635591.91,2155360298998.03,2049737165407.98,
Jamaica,JAM,GDP (current US$),NY.GDP.MKTP.CD,13812421803.4084,14657586127.0331,17097760723.9201,
Jordan,JOR,GDP (current US$),NY.GDP.MKTP.CD,43700383098.5916,46296100140.8451,48653381780.6397,
Japan,JPN,GDP (current US$),NY.GDP.MKTP.CD,5055587093501.59,5034620784584.98,4256410760723.75,
Kazakhstan,KAZ,GDP (current US$),NY.GDP.MKTP.CD,171082365861.423,197112255360.612,225496328925.494,
Kenya,KEN,GDP (current US$),NY.GDP.MKTP.CD,100657505750.545,109703658904.994,113420008178.793,
Kyrgyz Republic,KGZ,GDP (current US$),NY.GDP.MKTP.CD,8270468614.24051,9249133946.26531,11543966558.842,
Cambodia,KHM,GDP (current US$),NY.GDP.MKTP.CD,25872797891.7664,26961061151.7337,29504829319.3169,
Kiribati,KIR,GDP (current US$),NY.GDP.MKTP.CD,177553274.584763,227610079.145208,223353014.294593,
St. Kitts and Nevis,KNA,GDP (current US$),NY.GDP.MKTP.CD,883933333.333333,858592592.592592,965638864.921867,
"Korea, Rep.",KOR,GDP (current US$),NY.GDP.MKTP.CD,1644312831906.17,1818432106880.04,1673916469026.56,
Kuwait,KWT,GDP (current US$),NY.GDP.MKTP.CD,105948807280.731,137384258875.558,175363265306.122,
Latin America & Caribbean (excluding high income),LAC,GDP (current US$),NY.GDP.MKTP.CD,4051085288658.45,4665360652347.6,5352536850675.35,
Lao PDR,LAO,GDP (current US$),NY.GDP.MKTP.CD,18981800705.0794,18827148528.9934,15468785203.7532,
Lebanon,LBN,GDP (current US$),NY.GDP.MKTP.CD,31712128253.7961,23131941556.7843,3478231165177.1567,
Liberia,LBR,GDP (current US$),NY.GDP.MKTP.CD,3039982500.0,3509000000.0,4001046970.0,
Libya,LBY,GDP (current US$),NY.GDP.MKTP.CD,46808208746.0839,39798423941.0335,45752336035.9846,
St. Lucia,LCA,GDP (current US$),NY.GDP.MKTP.CD,1604444444.44444,1961111111.11111,2343703703.7037,
Latin America & Caribbean,LCN,GDP (current US$),NY.GDP.MKTP.CD,4809518812031.76,5553340649720.43,6302490414791.98,
Least developed countries: UN classification,LDC,GDP (current US$),NY.GDP.MKTP.CD,1160259828981.81,1265336288798.07,1424210446281.73,
Low income,LIC,GDP (current US$),NY.GDP.MKTP.CD,438045256317.456,465047139991.799,528124562235.072,
Liechtenstein,LIE,GDP (current US$),NY.GDP.MKTP.CD,6405870210.32293,7710380085.92257,3478231165177.1567,
Sri Lanka,LKA,GDP (current US$),NY.GDP.MKTP.CD,84440516486.1099,88548049121.4972,74403578363.4355,
Lower middle income,LMC,GDP (current US$),NY.GDP.MKTP.CD,6618962128022.98,7595602780154.06,8171521483867.57,
Low & middle income,LMY,GDP (current US$),NY.GDP.MKTP.CD,31016572707362.3,36577654820988.3,38810361603320.3,
Lesotho,LSO,GDP (current US$),NY.GDP.MKTP.CD,2067813018.99465,2348771013.21241,2236502124.16956,
Late-demographic dividend,LTE,GDP (current US$),NY.GDP.MKTP.CD,22529291712189.9,26841170398812.4,28075737913541.5,
Lithuania,LTU,GDP (current US$),NY.GDP.MKTP.CD,56964942999.3651,66798933785.7702,70974490450.4944,
Luxembourg,LUX,GDP (current US$),NY.GDP.MKTP.CD,73699366700.2134,85584105993.8746,81641807865.7591,
Latvia,LVA,GDP (current US$),NY.GDP.MKTP.CD,34390910338.9604,39443126174.4335,40932030049.5644,
"Macao SAR, China",MAC,GDP (current US$),NY.GDP.MKTP.CD,25343525935.8358,30969334705.0515,24042287326.5729,
St. Martin (French part),MAF,GDP (current US$),NY.GDP.MKTP.CD,2742180484856.228,649206262.847519,3478231165177.1567,
Morocco,MAR,GDP (current US$),NY.GDP.MKTP.CD,121353645057.144,141817797083.468,130912558829.84,
Monaco,MCO,GDP (current US$),NY.GDP.MKTP.CD,6739645416.47916,8626081320.50612,8784002931.68665,
Moldova,MDA,GDP (current US$),NY.GDP.MKTP.CD,11531967881.0624,13692230147.0588,14508333280.4233,
Madagascar,MDG,GDP (current US$),NY.GDP.MKTP.CD,13051441203.9474,14554754116.5427,15297192798.9771,
Maldives,MDV,GDP (current US$),NY.GDP.MKTP.CD,3712604580.32081,5254366310.44801,6170638746.965,
Middle East & North Africa,MEA,GDP (current US$),NY.GDP.MKTP.CD,3158039788618.23,3741604188467.06,4426622170629.0,
Mexico,MEX,GDP (current US$),NY.GDP.MKTP.CD,1120741118380.27,1312557512901.28,1465854089286.47,
Marshall Islands,MHL,GDP (current US$),NY.GDP.MKTP.CD,240751144.40918,257784881.591797,258774475.097656,
Middle income,MIC,GDP (current US$),NY.GDP.MKTP.CD,30578372789487.2,36110412339698.7,38281934115375.7,
North Macedonia,MKD,GDP (current US$),NY.GDP.MKTP.CD,12363580534.6811,13998355971.3044,13563132102.1663,
Mali,MLI,GDP (current US$),NY.GDP.MKTP.CD,17465392764.3706,19309463508.0377,18827176529.6983,
Malta,MLT,GDP (current US$),NY.GDP.MKTP.CD,15252609039.0749,18087205251.3605,18125564514.2664,
Myanmar,MMR,GDP (current US$),NY.GDP.MKTP.CD,79045695084.5069,66262813093.4824,62263466263.7375,
Middle East & North Africa (excluding high income),MNA,GDP (current US$),NY.GDP.MKTP.CD,1284883935067.64,1501058612650.41,1696713423187.56,
Montenegro,MNE,GDP (current US$),NY.GDP.MKTP.CD,4769996866.00758,5861427505.12493,6229801580.79157,
Mongolia,MNG,GDP (current US$),NY.GDP.MKTP.CD,13312981429.0891,15286441737.6686,17146471626.3963,
Northern Mariana Islands,MNP,GDP (current US$),NY.GDP.MKTP.CD,858000000.0,3169870939951.8335,3478231165177.1567,
Mozambique,MOZ,GDP (current US$),NY.GDP.MKTP.CD,14235420505.2904,16168056388.9101,18406835954.6695,
Mauritania,MRT,GDP (current US$),NY.GDP.MKTP.CD,8260752385.23089,9222536364.01272,9780863578.97688,
Mauritius,MUS,GDP (current US$),NY.GDP.MKTP.CD,11408106446.3144,11484357947.9086,12948726653.811,
Malawi,MWI,GDP (current US$),NY.GDP.MKTP.CD,12056108778.3125,12602334121.6286,13164667626.9363,
Malaysia,MYS,GDP (current US$),NY.GDP.MKTP.CD,337456163961.211,373832428055.449,407027451714.616,
North America,NAC,GDP (current US$),NY.GDP.MKTP.CD,22723045490000.2,25329679941464.1,27608729369422.0,
Namibia,NAM,GDP (current US$),NY.GDP.MKTP.CD,10583748541.5258,12446290854.8973,12914932655.685,
New Caledonia,NCL,GDP (current US$),NY.GDP.MKTP.CD,9454629467.91408,10071349663.8484,9623318718.31459,
Niger,NER,GDP (current US$),NY.GDP.MKTP.CD,13744653102.9945,14915002435.9913,15342278919.4009,
Nigeria,NGA,GDP (current US$),NY.GDP.MKTP.CD,432198898221.967,440838992188.478,472624597402.898,
Nicaragua,NIC,GDP (current US$),NY.GDP.MKTP.CD,12678162403.5929,14145880399.1935,15671583939.9889,
Netherlands,NLD,GDP (current US$),NY.GDP.MKTP.CD,909793466661.481,1029678338329.44,1009398719033.08,
Norway,NOR,GDP (current US$),NY.GDP.MKTP.CD,367633418886.627,503367986030.268,593348981537.661,
Nepal,NPL,GDP (current US$),NY.GDP.MKTP.CD,33433659223.6349,36924841428.7182,40828247303.5337,
Nauru,NRU,GDP (current US$),NY.GDP.MKTP.CD,124685688.161094,145536615.893046,151647846.128953,
New Zealand,NZL,GDP (current US$),NY.GDP.MKTP.CD,212569779569.519,255551704625.831,248101705541.399,
OECD members,OED,GDP (current US$),NY.GDP.MKTP.CD,52590370145873.6,58623788402038.1,59849878381707.5,
Oman,OMN,GDP (current US$),NY.GDP.MKTP.CD,75909397659.2978,88191977373.212,114667360208.062,
Other small states,OSS,GDP (current US$),NY.GDP.MKTP.CD,378440036056.011,457103617285.36,530807158164.414,
Pakistan,PAK,GDP (current US$),NY.GDP.MKTP.CD,300425609817.981,348516647445.148,374697366359.244,
Panama,PAN,GDP (current US$),NY.GDP.MKTP.CD,57086836900.0,67406738100.0,76522511800.0,
Peru,PER,GDP (current US$),NY.GDP.MKTP.CD,201947615138.567,223717799056.526,242631573320.79,
Philippines,PHL,GDP (current US$),NY.GDP.MKTP.CD,361751145451.597,394087359844.049,404284326110.463,
Palau,PLW,GDP (current US$),NY.GDP.MKTP.CD,257885921.875,232903015.625,3478231165177.1567,
Papua New Guinea,PNG,GDP (current US$),NY.GDP.MKTP.CD,23848445103.9227,26113333244.5115,31603619041.7903,
Poland,POL,GDP (current US$),NY.GDP.MKTP.CD,599442783598.064,681346136411.701,688125010520.52,
Pre-demographic dividend,PRE,GDP (current US$),NY.GDP.MKTP.CD,1309417999889.29,1432814193024.43,1617245641605.59,
Puerto Rico,PRI,GDP (current US$),NY.GDP.MKTP.CD,103130900000.0,106368900000.0,113434800000.0,
"Korea, Dem. People's Rep.",PRK,GDP (current US$),NY.GDP.MKTP.CD,2742180484856.228,3169870939951.8335,3478231165177.1567,
Portugal,PRT,GDP (current US$),NY.GDP.MKTP.CD,229031860520.777,255534839405.899,255196660987.427,
Paraguay,PRY,GDP (current US$),NY.GDP.MKTP.CD,35432178068.1814,39950899938.7482,41722295229.2279,
West Bank and Gaza,PSE,GDP (current US$),NY.GDP.MKTP.CD,15531700000.0,18109000000.0,19111900000.0,
Pacific island small states,PSS,GDP (current US$),NY.GDP.MKTP.CD,9492350931.30444,9500154100.4459,10324332231.7802,
Post-demographic dividend,PST,GDP (current US$),NY.GDP.MKTP.CD,49740885136767.3,55301094121160.7,56211584699649.4,
French Polynesia,PYF,GDP (current US$),NY.GDP.MKTP.CD,5792545870.80614,6150640646.38319,5814661208.90544,
Qatar,QAT,GDP (current US$),NY.GDP.MKTP.CD,144411363345.27,179732009554.846,236258302839.653,
Romania,ROU,GDP (current US$),NY.GDP.MKTP.CD,251362514349.697,285810244501.933,300691354864.855,
Russian Federation,RUS,GDP (current US$),NY.GDP.MKTP.CD,1493075894362.14,1836892075547.52,2240422427458.58,
Rwanda,RWA,GDP (current US$),NY.GDP.MKTP.CD,10172303393.0612,11054517345.7109,13311487445.0686,
South Asia,SAS,GDP (current US$),NY.GDP.MKTP.CD,3489923527067.67,4062850047299.39,4390347563465.91,
Saudi Arabia,SAU,GDP (current US$),NY.GDP.MKTP.CD,734271183944.989,874156115900.131,1108571517285.38,
Sudan,SDN,GDP (current US$),NY.GDP.MKTP.CD,27034593750.0,34229513773.9708,51662241775.0629,
Senegal,SEN,GDP (current US$),NY.GDP.MKTP.CD,24530513037.7518,27569136729.9023,27684264748.2324,
Singapore,SGP,GDP (current US$),NY.GDP.MKTP.CD,348392090695.217,423797100521.555,466788426791.966,
Solomon Islands,SLB,GDP (current US$),NY.GDP.MKTP.CD,1536145814.17007,1580303515.40945,1597204340.62902,
Sierra Leone,SLE,GDP (current US$),NY.GDP.MKTP.CD,4062906265.7332,4249234704.01866,4094563859.43556,
El Salvador,SLV,GDP (current US$),NY.GDP.MKTP.CD,24930080000.0,29451240000.0,32488720000.0,
San Marino,SMR,GDP (current US$),NY.GDP.MKTP.CD,1541247883.99351,1855382833.1165,3478231165177.1567,
Somalia,SOM,GDP (current US$),NY.GDP.MKTP.CD,9204140383.17507,9838711529.45863,10419541202.0382,
Serbia,SRB,GDP (current US$),NY.GDP.MKTP.CD,53356484591.4378,63101069561.2193,63563401043.5044,
Sub-Saharan Africa (excluding high income),SSA,GDP (current US$),NY.GDP.MKTP.CD,1714659156400.95,1930171554030.08,2058942959164.7,
South Sudan,SSD,GDP (current US$),NY.GDP.MKTP.CD,2742180484856.228,3169870939951.8335,3478231165177.1567,
Sub-Saharan Africa,SSF,GDP (current US$),NY.GDP.MKTP.CD,1715842671714.98,1931458241338.34,2060531397309.08,
Small states,SST,GDP (current US$),NY.GDP.MKTP.CD,453792483117.133,542727261728.344,636018280142.001,
Sao Tome and Principe,STP,GDP (current US$),NY.GDP.MKTP.CD,471229484.607144,524402450.755612,542686976.457587,
Suriname,SUR,GDP (current US$),NY.GDP.MKTP.CD,2911807496.20227,3081401725.88833,3620987993.32637,
Slovak Republic,SVK,GDP (current US$),NY.GDP.MKTP.CD,106731482855.496,118576482542.583,115461711688.965,
Slovenia,SVN,GDP (current US$),NY.GDP.MKTP.CD,53734526854.2289,61832201543.8285,60063475466.3446,
Sweden,SWE,GDP (current US$),NY.GDP.MKTP.CD,547054174235.876,639714956069.468,591718144602.141,
Eswatini,SWZ,GDP (current US$),NY.GDP.MKTP.CD,3982236692.55236,4850842571.59151,4790922065.6101,
Sint Maarten (Dutch part),SXM,GDP (current US$),NY.GDP.MKTP.CD,1236428075.42112,1353071060.2652,1537088724.46126,
Seychelles,SYC,GDP (current US$),NY.GDP.MKTP.CD,1183515314.03478,1286687308.25807,1588438144.37685,
Syrian Arab Republic,SYR,GDP (current US$),NY.GDP.MKTP.CD,11156757922.0385,8969512933.38826,3478231165177.1567,
Turks and Caicos Islands,TCA,GDP (current US$),NY.GDP.MKTP.CD,924583000.0,1044778790.0,1138808881.1,
Chad,TCD,GDP (current US$),NY.GDP.MKTP.CD,10715396042.3343,11779981332.8631,12704149840.2283,
East Asia & Pacific (IDA & IBRD countries),TEA,GDP (current US$),NY.GDP.MKTP.CD,17465796008751.6,20813163295456.1,21167325456079.4,
Europe & Central Asia (IDA & IBRD countries),TEC,GDP (current US$),NY.GDP.MKTP.CD,3900173017455.42,4616362221588.67,5189746524698.23,
Togo,TGO,GDP (current US$),NY.GDP.MKTP.CD,7486031561.86885,8443112143.23844,8341225241.45693,
Thailand,THA,GDP (current US$),NY.GDP.MKTP.CD,500457264955.763,505568063988.806,495423343049.622,
Tajikistan,TJK,GDP (current US$),NY.GDP.MKTP.CD,8133963813.07025,8937805347.13963,10492123387.7931,
Turkmenistan,TKM,GDP (current US$),NY.GDP.MKTP.CD,45818000000.0,50007428571.4286,56542857142.8571,
Latin America & the Caribbean (IDA & IBRD countries),TLA,GDP (current US$),NY.GDP.MKTP.CD,4561170249972.34,5281323492901.43,6001569526439.77,
Timor-Leste,TLS,GDP (current US$),NY.GDP.MKTP.CD,2162619200.0,3621958000.0,3204753000.0,
Middle East & North Africa (IDA & IBRD countries),TMN,GDP (current US$),NY.GDP.MKTP.CD,1269352235067.64,1482949612650.41,1677609783949.53,
Tonga,TON,GDP (current US$),NY.GDP.MKTP.CD,484796854.918756,469228219.665791,3478231165177.1567,
South Asia (IDA & IBRD),TSA,GDP (current US$),NY.GDP.MKTP.CD,3489923527067.67,4062850047299.39,4390347563465.91,
Sub-Saharan Africa (IDA & IBRD countries),TSS,GDP (current US$),NY.GDP.MKTP.CD,1715842671714.99,1931458241338.34,2060531397309.08,
Trinidad and Tobago,TTO,GDP (current US$),NY.GDP.MKTP.CD,20807571314.3043,24496505940.6673,30053575132.142,
Tunisia,TUN,GDP (current US$),NY.GDP.MKTP.CD,42538289933.2162,46687293140.3377,46303552449.3542,
Turkiye,TUR,GDP (current US$),NY.GDP.MKTP.CD,720338498174.744,819865253669.661,907118435952.688,
Tuvalu,TUV,GDP (current US$),NY.GDP.MKTP.CD,51746594.3148543,60196405.7138393,59065979.0227679,
Tanzania,TZA,GDP (current US$),NY.GDP.MKTP.CD,66068737786.0639,70655628147.8986,75732311666.039,
Uganda,UGA,GDP (current US$),NY.GDP.MKTP.CD,37605430214.3519,40510241365.8914,45567304608.4764,
Ukraine,UKR,GDP (current US$),NY.GDP.MKTP.CD,156617722013.342,199765859570.935,160502737251.047,
Upper middle income,UMC,GDP (current US$),NY.GDP.MKTP.CD,23959410661464.3,28515803406297.6,30110929970107.6,
Uruguay,URY,GDP (current US$),NY.GDP.MKTP.CD,53666908053.7655,61412268248.9461,71177146197.4951,
United States,USA,GDP (current US$),NY.GDP.MKTP.CD,21060473613000.0,23315080560000.0,25439700000000.0,
Uzbekistan,UZB,GDP (current US$),NY.GDP.MKTP.CD,60224701296.7885,69600614987.3509,80391853887.4049,
St. Vincent and the Grenadines,VCT,GDP (current US$),NY.GDP.MKTP.CD,869111111.111111,872222222.222222,948559259.259259,
"Venezuela, RB",VEN,GDP (current US$),NY.GDP.MKTP.CD,2742180484856.228,3169870939951.8335,3478231165177.1567,
British Virgin Islands,VGB,GDP (current US$),NY.GDP.MKTP.CD,2742180484856.228,3169870939951.8335,3478231165177.1567,
Virgin Islands (U.S.),VIR,GDP (current US$),NY.GDP.MKTP.CD,4189000000.0,4444000000.0,3478231165177.1567,
Viet Nam,VNM,GDP (current US$),NY.GDP.MKTP.CD,346615738537.796,366137569122.215,408802378904.838,
Vanuatu,VUT,GDP (current US$),NY.GDP.MKTP.CD,909421043.508407,971636097.850666,1055811723.74753,
World,WLD,GDP (current US$),NY.GDP.MKTP.CD,85272676295873.9,97153181162291.0,100879560825391.0,
Samoa,WSM,GDP (current US$),NY.GDP.MKTP.CD,868898358.266437,843923638.733018,832945205.637185,
Kosovo,XKX,GDP (current US$),NY.GDP.MKTP.CD,7717145217.81247,9412034299.23122,9409473517.95304,
"Yemen, Rep.",YEM,GDP (current US$),NY.GDP.MKTP.CD,2742180484856.228,3169870939951.8335,3478231165177.1567,
South Africa,ZAF,GDP (current US$),NY.GDP.MKTP.CD,338291396025.956,420117812463.841,405270850099.387,
Zambia,ZMB,GDP (current US$),NY.GDP.MKTP.CD,18110638269.2238,22096416933.7902,29163782138.3415,
Zimbabwe,ZWE,GDP (current US$),NY.GDP.MKTP.CD,21509698406.6618,28371238665.8646,27366627153.0852,
